,COUNTRY,EVENT_TYPE,CENTROID_LATITUDE,CENTROID_LONGITUDE
272,Canada,Riots,54.498,-115.0035
273,Canada,Riots,54.498,-115.0035
274,Canada,Riots,54.498,-115.0035
275,Canada,Riots,54.498,-115.0035
276,Canada,Riots,54.498,-115.0035
277,Canada,Riots,54.498,-115.0035
278,Canada,Riots,54.498,-115.0035
289,Canada,Violence against civilians,54.498,-115.0035
290,Canada,Violence against civilians,54.498,-115.0035
291,Canada,Violence against civilians,54.498,-115.0035
292,Canada,Violence against civilians,54.498,-115.0035
293,Canada,Violence against civilians,54.498,-115.0035
294,Canada,Explosions/Remote violence,54.5005,-124.9951
605,Canada,Riots,54.5005,-124.9951
606,Canada,Riots,54.5005,-124.9951
607,Canada,Riots,54.5005,-124.9951
608,Canada,Riots,54.5005,-124.9951
609,Canada,Riots,54.5005,-124.9951
610,Canada,Riots,54.5005,-124.9951
611,Canada,Riots,54.5005,-124.9951
612,Canada,Riots,54.5005,-124.9951
613,Canada,Riots,54.5005,-124.9951
614,Canada,Riots,54.5005,-124.9951
615,Canada,Riots,54.5005,-124.9951
616,Canada,Riots,54.5005,-124.9951
617,Canada,Riots,54.5005,-124.9951
618,Canada,Riots,54.5005,-124.9951
619,Canada,Riots,54.5005,-124.9951
620,Canada,Riots,54.5005,-124.9951
621,Canada,Riots,54.5005,-124.9951
622,Canada,Riots,54.5005,-124.9951
623,Canada,Riots,54.5005,-124.9951
624,Canada,Riots,54.5005,-124.9951
625,Canada,Riots,54.5005,-124.9951
643,Canada,Violence against civilians,54.5005,-124.9951
644,Canada,Violence against civilians,54.5005,-124.9951
645,Canada,Violence against civilians,54.5005,-124.9951
646,Canada,Violence against civilians,54.5005,-124.9951
647,Canada,Violence against civilians,54.5005,-124.9951
840,Canada,Riots,54.5554,-97.1852
841,Canada,Riots,54.5554,-97.1852
842,Canada,Riots,54.5554,-97.1852
843,Canada,Riots,54.5554,-97.1852
855,Canada,Violence against civilians,54.5554,-97.1852
856,Canada,Violence against civilians,54.5554,-97.1852
1106,Canada,Riots,49.1144,-56.6866
1309,Canada,Riots,44.727,-64.4005
1679,Canada,Riots,49.1103,-87.1396
1680,Canada,Riots,49.1103,-87.1396
1681,Canada,Riots,49.1103,-87.1396
1682,Canada,Riots,49.1103,-87.1396
1683,Canada,Riots,49.1103,-87.1396
1684,Canada,Riots,49.1103,-87.1396
1685,Canada,Riots,49.1103,-87.1396
1686,Canada,Riots,49.1103,-87.1396
1687,Canada,Riots,49.1103,-87.1396
1688,Canada,Riots,49.1103,-87.1396
1689,Canada,Riots,49.1103,-87.1396
1690,Canada,Riots,49.1103,-87.1396
1691,Canada,Riots,49.1103,-87.1396
1692,Canada,Riots,49.1103,-87.1396
1693,Canada,Riots,49.1103,-87.1396
1694,Canada,Riots,49.1103,-87.1396
1695,Canada,Riots,49.1103,-87.1396
1696,Canada,Riots,49.1103,-87.1396
1697,Canada,Riots,49.1103,-87.1396
1698,Canada,Riots,49.1103,-87.1396
1699,Canada,Riots,49.1103,-87.1396
1700,Canada,Riots,49.1103,-87.1396
1701,Canada,Riots,49.1103,-87.1396
1702,Canada,Riots,49.1103,-87.1396
1703,Canada,Riots,49.1103,-87.1396
1704,Canada,Riots,49.1103,-87.1396
1705,Canada,Riots,49.1103,-87.1396
1706,Canada,Riots,49.1103,-87.1396
1707,Canada,Riots,49.1103,-87.1396
1708,Canada,Riots,49.1103,-87.1396
1709,Canada,Riots,49.1103,-87.1396
1710,Canada,Riots,49.1103,-87.1396
1711,Canada,Riots,49.1103,-87.1396
1712,Canada,Riots,49.1103,-87.1396
1713,Canada,Riots,49.1103,-87.1396
1756,Canada,Violence against civilians,49.1103,-87.1396
1757,Canada,Violence against civilians,49.1103,-87.1396
2113,Canada,Riots,53.7854,-73.2977
2114,Canada,Riots,53.7854,-73.2977
2115,Canada,Riots,53.7854,-73.2977
2116,Canada,Riots,53.7854,-73.2977
2117,Canada,Riots,53.7854,-73.2977
2118,Canada,Riots,53.7854,-73.2977
2119,Canada,Riots,53.7854,-73.2977
2120,Canada,Riots,53.7854,-73.2977
2121,Canada,Riots,53.7854,-73.2977
2122,Canada,Riots,53.7854,-73.2977
2123,Canada,Riots,53.7854,-73.2977
2124,Canada,Riots,53.7854,-73.2977
2125,Canada,Riots,53.7854,-73.2977
2126,Canada,Riots,53.7854,-73.2977
2127,Canada,Riots,53.7854,-73.2977
2128,Canada,Riots,53.7854,-73.2977
2129,Canada,Riots,53.7854,-73.2977
2130,Canada,Riots,53.7854,-73.2977
2131,Canada,Riots,53.7854,-73.2977
2132,Canada,Riots,53.7854,-73.2977
2133,Canada,Riots,53.7854,-73.2977
2134,Canada,Riots,53.7854,-73.2977
2135,Canada,Riots,53.7854,-73.2977
2136,Canada,Riots,53.7854,-73.2977
2137,Canada,Riots,53.7854,-73.2977
2138,Canada,Riots,53.7854,-73.2977
2139,Canada,Riots,53.7854,-73.2977
2140,Canada,Riots,53.7854,-73.2977
2141,Canada,Riots,53.7854,-73.2977
2142,Canada,Riots,53.7854,-73.2977
2143,Canada,Riots,53.7854,-73.2977
2144,Canada,Riots,53.7854,-73.2977
2145,Canada,Riots,53.7854,-73.2977
2164,Canada,Violence against civilians,53.7854,-73.2977
2165,Canada,Violence against civilians,53.7854,-73.2977
2166,Canada,Violence against civilians,53.7854,-73.2977
2324,Canada,Riots,54.5991,-105.9266
2333,Canada,Violence against civilians,54.5991,-105.9266
2334,Canada,Violence against civilians,54.5991,-105.9266
2395,Saint Pierre and Miquelon,Riots,47.0396,-56.3336
2406,Saint Pierre and Miquelon,Riots,46.7818,-56.1928
2410,United States,Explosions/Remote violence,32.6025,-86.7323
2673,United States,Riots,32.6025,-86.7323
2674,United States,Riots,32.6025,-86.7323
2675,United States,Riots,32.6025,-86.7323
2676,United States,Riots,32.6025,-86.7323
2677,United States,Riots,32.6025,-86.7323
2745,United States,Violence against civilians,32.6025,-86.7323
2746,United States,Violence against civilians,32.6025,-86.7323
2747,United States,Violence against civilians,32.6025,-86.7323
2748,United States,Violence against civilians,32.6025,-86.7323
2749,United States,Violence against civilians,32.6025,-86.7323
2750,United States,Violence against civilians,32.6025,-86.7323
2751,United States,Violence against civilians,32.6025,-86.7323
2752,United States,Violence against civilians,32.6025,-86.7323
3164,United States,Riots,34.1687,-111.668
3165,United States,Riots,34.1687,-111.668
3166,United States,Riots,34.1687,-111.668
3167,United States,Riots,34.1687,-111.668
3168,United States,Riots,34.1687,-111.668
3169,United States,Riots,34.1687,-111.668
3170,United States,Riots,34.1687,-111.668
3171,United States,Riots,34.1687,-111.668
3172,United States,Riots,34.1687,-111.668
3173,United States,Riots,34.1687,-111.668
3174,United States,Riots,34.1687,-111.668
3175,United States,Riots,34.1687,-111.668
3176,United States,Riots,34.1687,-111.668
3177,United States,Riots,34.1687,-111.668
3178,United States,Riots,34.1687,-111.668
3514,United States,Violence against civilians,34.1687,-111.668
3515,United States,Violence against civilians,34.1687,-111.668
3516,United States,Violence against civilians,34.1687,-111.668
3517,United States,Violence against civilians,34.1687,-111.668
3518,United States,Violence against civilians,34.1687,-111.668
3519,United States,Violence against civilians,34.1687,-111.668
3520,United States,Violence against civilians,34.1687,-111.668
3521,United States,Violence against civilians,34.1687,-111.668
3522,United States,Violence against civilians,34.1687,-111.668
3523,United States,Violence against civilians,34.1687,-111.668
3524,United States,Violence against civilians,34.1687,-111.668
3525,United States,Violence against civilians,34.1687,-111.668
3526,United States,Violence against civilians,34.1687,-111.668
3527,United States,Violence against civilians,34.1687,-111.668
3528,United States,Explosions/Remote violence,34.752,-92.495
3730,United States,Riots,34.752,-92.495
3731,United States,Riots,34.752,-92.495
3732,United States,Riots,34.752,-92.495
3733,United States,Riots,34.752,-92.495
3759,United States,Violence against civilians,34.752,-92.495
3760,United States,Violence against civilians,34.752,-92.495
3761,United States,Violence against civilians,34.752,-92.495
3762,United States,Violence against civilians,34.752,-92.495
3763,United States,Violence against civilians,34.752,-92.495
3767,United States,Explosions/Remote violence,37.2724,-119.9915
3768,United States,Explosions/Remote violence,37.2724,-119.9915
3769,United States,Explosions/Remote violence,37.2724,-119.9915
3770,United States,Explosions/Remote violence,37.2724,-119.9915
3771,United States,Explosions/Remote violence,37.2724,-119.9915
3772,United States,Explosions/Remote violence,37.2724,-119.9915
3773,United States,Explosions/Remote violence,37.2724,-119.9915
3774,United States,Explosions/Remote violence,37.2724,-119.9915
4252,United States,Riots,37.2724,-119.9915
4253,United States,Riots,37.2724,-119.9915
4254,United States,Riots,37.2724,-119.9915
4255,United States,Riots,37.2724,-119.9915
4256,United States,Riots,37.2724,-119.9915
4257,United States,Riots,37.2724,-119.9915
4258,United States,Riots,37.2724,-119.9915
4259,United States,Riots,37.2724,-119.9915
4260,United States,Riots,37.2724,-119.9915
4261,United States,Riots,37.2724,-119.9915
4262,United States,Riots,37.2724,-119.9915
4263,United States,Riots,37.2724,-119.9915
4264,United States,Riots,37.2724,-119.9915
4265,United States,Riots,37.2724,-119.9915
4266,United States,Riots,37.2724,-119.9915
4267,United States,Riots,37.2724,-119.9915
4268,United States,Riots,37.2724,-119.9915
4269,United States,Riots,37.2724,-119.9915
4270,United States,Riots,37.2724,-119.9915
4271,United States,Riots,37.2724,-119.9915
4272,United States,Riots,37.2724,-119.9915
4273,United States,Riots,37.2724,-119.9915
4274,United States,Riots,37.2724,-119.9915
4275,United States,Riots,37.2724,-119.9915
4276,United States,Riots,37.2724,-119.9915
4277,United States,Riots,37.2724,-119.9915
4278,United States,Riots,37.2724,-119.9915
4279,United States,Riots,37.2724,-119.9915
4280,United States,Riots,37.2724,-119.9915
4281,United States,Riots,37.2724,-119.9915
4282,United States,Riots,37.2724,-119.9915
4283,United States,Riots,37.2724,-119.9915
4284,United States,Riots,37.2724,-119.9915
4285,United States,Riots,37.2724,-119.9915
4286,United States,Riots,37.2724,-119.9915
4287,United States,Riots,37.2724,-119.9915
4288,United States,Riots,37.2724,-119.9915
4289,United States,Riots,37.2724,-119.9915
4290,United States,Riots,37.2724,-119.9915
4291,United States,Riots,37.2724,-119.9915
4292,United States,Riots,37.2724,-119.9915
4293,United States,Riots,37.2724,-119.9915
4294,United States,Riots,37.2724,-119.9915
4295,United States,Riots,37.2724,-119.9915
4296,United States,Riots,37.2724,-119.9915
4297,United States,Riots,37.2724,-119.9915
4298,United States,Riots,37.2724,-119.9915
4299,United States,Riots,37.2724,-119.9915
4300,United States,Riots,37.2724,-119.9915
4301,United States,Riots,37.2724,-119.9915
4302,United States,Riots,37.2724,-119.9915
4303,United States,Riots,37.2724,-119.9915
4304,United States,Riots,37.2724,-119.9915
4305,United States,Riots,37.2724,-119.9915
4306,United States,Riots,37.2724,-119.9915
4307,United States,Riots,37.2724,-119.9915
4308,United States,Riots,37.2724,-119.9915
4309,United States,Riots,37.2724,-119.9915
4310,United States,Riots,37.2724,-119.9915
4311,United States,Riots,37.2724,-119.9915
4312,United States,Riots,37.2724,-119.9915
4313,United States,Riots,37.2724,-119.9915
4314,United States,Riots,37.2724,-119.9915
4315,United States,Riots,37.2724,-119.9915
4316,United States,Riots,37.2724,-119.9915
4317,United States,Riots,37.2724,-119.9915
4318,United States,Riots,37.2724,-119.9915
4319,United States,Riots,37.2724,-119.9915
4320,United States,Riots,37.2724,-119.9915
4321,United States,Riots,37.2724,-119.9915
4322,United States,Riots,37.2724,-119.9915
4323,United States,Riots,37.2724,-119.9915
4324,United States,Riots,37.2724,-119.9915
4325,United States,Riots,37.2724,-119.9915
4326,United States,Riots,37.2724,-119.9915
4327,United States,Riots,37.2724,-119.9915
4328,United States,Riots,37.2724,-119.9915
4329,United States,Riots,37.2724,-119.9915
4330,United States,Riots,37.2724,-119.9915
4331,United States,Riots,37.2724,-119.9915
4332,United States,Riots,37.2724,-119.9915
4333,United States,Riots,37.2724,-119.9915
4334,United States,Riots,37.2724,-119.9915
4335,United States,Riots,37.2724,-119.9915
4336,United States,Riots,37.2724,-119.9915
4337,United States,Riots,37.2724,-119.9915
4338,United States,Riots,37.2724,-119.9915
4339,United States,Riots,37.2724,-119.9915
4340,United States,Riots,37.2724,-119.9915
4341,United States,Riots,37.2724,-119.9915
4342,United States,Riots,37.2724,-119.9915
4343,United States,Riots,37.2724,-119.9915
4344,United States,Riots,37.2724,-119.9915
4345,United States,Riots,37.2724,-119.9915
4346,United States,Riots,37.2724,-119.9915
4347,United States,Riots,37.2724,-119.9915
4348,United States,Riots,37.2724,-119.9915
4349,United States,Riots,37.2724,-119.9915
4350,United States,Riots,37.2724,-119.9915
4351,United States,Riots,37.2724,-119.9915
4352,United States,Riots,37.2724,-119.9915
4353,United States,Riots,37.2724,-119.9915
4354,United States,Riots,37.2724,-119.9915
4355,United States,Riots,37.2724,-119.9915
4356,United States,Riots,37.2724,-119.9915
4357,United States,Riots,37.2724,-119.9915
4358,United States,Riots,37.2724,-119.9915
4359,United States,Riots,37.2724,-119.9915
4360,United States,Riots,37.2724,-119.9915
4361,United States,Riots,37.2724,-119.9915
4362,United States,Riots,37.2724,-119.9915
4363,United States,Riots,37.2724,-119.9915
4364,United States,Riots,37.2724,-119.9915
4365,United States,Riots,37.2724,-119.9915
4366,United States,Riots,37.2724,-119.9915
4367,United States,Riots,37.2724,-119.9915
4368,United States,Riots,37.2724,-119.9915
4369,United States,Riots,37.2724,-119.9915
4370,United States,Riots,37.2724,-119.9915
4371,United States,Riots,37.2724,-119.9915
4372,United States,Riots,37.2724,-119.9915
4373,United States,Riots,37.2724,-119.9915
4374,United States,Riots,37.2724,-119.9915
4375,United States,Riots,37.2724,-119.9915
4376,United States,Riots,37.2724,-119.9915
4377,United States,Riots,37.2724,-119.9915
4378,United States,Riots,37.2724,-119.9915
4379,United States,Riots,37.2724,-119.9915
4380,United States,Riots,37.2724,-119.9915
4381,United States,Riots,37.2724,-119.9915
4382,United States,Riots,37.2724,-119.9915
4383,United States,Riots,37.2724,-119.9915
4384,United States,Riots,37.2724,-119.9915
4385,United States,Riots,37.2724,-119.9915
4386,United States,Riots,37.2724,-119.9915
4387,United States,Riots,37.2724,-119.9915
4388,United States,Riots,37.2724,-119.9915
4389,United States,Riots,37.2724,-119.9915
4390,United States,Riots,37.2724,-119.9915
4391,United States,Riots,37.2724,-119.9915
4392,United States,Riots,37.2724,-119.9915
4393,United States,Riots,37.2724,-119.9915
4620,United States,Violence against civilians,37.2724,-119.9915
4621,United States,Violence against civilians,37.2724,-119.9915
4622,United States,Violence against civilians,37.2724,-119.9915
4623,United States,Violence against civilians,37.2724,-119.9915
4624,United States,Violence against civilians,37.2724,-119.9915
4625,United States,Violence against civilians,37.2724,-119.9915
4626,United States,Violence against civilians,37.2724,-119.9915
4627,United States,Violence against civilians,37.2724,-119.9915
4628,United States,Violence against civilians,37.2724,-119.9915
4629,United States,Violence against civilians,37.2724,-119.9915
4630,United States,Violence against civilians,37.2724,-119.9915
4631,United States,Violence against civilians,37.2724,-119.9915
4632,United States,Violence against civilians,37.2724,-119.9915
4633,United States,Violence against civilians,37.2724,-119.9915
4634,United States,Violence against civilians,37.2724,-119.9915
4635,United States,Violence against civilians,37.2724,-119.9915
4636,United States,Violence against civilians,37.2724,-119.9915
4637,United States,Violence against civilians,37.2724,-119.9915
4638,United States,Violence against civilians,37.2724,-119.9915
4639,United States,Violence against civilians,37.2724,-119.9915
4640,United States,Violence against civilians,37.2724,-119.9915
4641,United States,Violence against civilians,37.2724,-119.9915
4642,United States,Violence against civilians,37.2724,-119.9915
4643,United States,Violence against civilians,37.2724,-119.9915
4644,United States,Violence against civilians,37.2724,-119.9915
4645,United States,Violence against civilians,37.2724,-119.9915
4646,United States,Violence against civilians,37.2724,-119.9915
4647,United States,Violence against civilians,37.2724,-119.9915
4648,United States,Violence against civilians,37.2724,-119.9915
4649,United States,Violence against civilians,37.2724,-119.9915
4650,United States,Violence against civilians,37.2724,-119.9915
4651,United States,Violence against civilians,37.2724,-119.9915
4652,United States,Violence against civilians,37.2724,-119.9915
4653,United States,Violence against civilians,37.2724,-119.9915
4654,United States,Violence against civilians,37.2724,-119.9915
4655,United States,Violence against civilians,37.2724,-119.9915
4656,United States,Violence against civilians,37.2724,-119.9915
4657,United States,Violence against civilians,37.2724,-119.9915
4658,United States,Violence against civilians,37.2724,-119.9915
4659,United States,Violence against civilians,37.2724,-119.9915
4660,United States,Violence against civilians,37.2724,-119.9915
4661,United States,Violence against civilians,37.2724,-119.9915
4662,United States,Violence against civilians,37.2724,-119.9915
4663,United States,Violence against civilians,37.2724,-119.9915
4664,United States,Violence against civilians,37.2724,-119.9915
4665,United States,Violence against civilians,37.2724,-119.9915
4666,United States,Violence against civilians,37.2724,-119.9915
4667,United States,Violence against civilians,37.2724,-119.9915
4973,United States,Riots,38.961,-105.5497
4974,United States,Riots,38.961,-105.5497
4975,United States,Riots,38.961,-105.5497
4976,United States,Riots,38.961,-105.5497
4977,United States,Riots,38.961,-105.5497
4978,United States,Riots,38.961,-105.5497
4979,United States,Riots,38.961,-105.5497
4980,United States,Riots,38.961,-105.5497
4981,United States,Riots,38.961,-105.5497
4982,United States,Riots,38.961,-105.5497
4983,United States,Riots,38.961,-105.5497
4984,United States,Riots,38.961,-105.5497
4985,United States,Riots,38.961,-105.5497
4986,United States,Riots,38.961,-105.5497
4987,United States,Riots,38.961,-105.5497
4988,United States,Riots,38.961,-105.5497
5057,United States,Violence against civilians,38.961,-105.5497
5058,United States,Violence against civilians,38.961,-105.5497
5059,United States,Violence against civilians,38.961,-105.5497
5060,United States,Violence against civilians,38.961,-105.5497
5061,United States,Violence against civilians,38.961,-105.5497
5062,United States,Violence against civilians,38.961,-105.5497
5063,United States,Violence against civilians,38.961,-105.5497
5064,United States,Violence against civilians,38.961,-105.5497
5065,United States,Violence against civilians,38.961,-105.5497
5066,United States,Violence against civilians,38.961,-105.5497
5377,United States,Riots,41.5268,-72.661
5378,United States,Riots,41.5268,-72.661
5379,United States,Riots,41.5268,-72.661
5380,United States,Riots,41.5268,-72.661
5381,United States,Riots,41.5268,-72.661
5382,United States,Riots,41.5268,-72.661
5383,United States,Riots,41.5268,-72.661
5384,United States,Riots,41.5268,-72.661
5385,United States,Riots,41.5268,-72.661
5386,United States,Riots,41.5268,-72.661
5436,United States,Violence against civilians,41.5268,-72.661
5564,United States,Riots,39.1463,-75.5798
5565,United States,Riots,39.1463,-75.5798
5575,United States,Violence against civilians,39.1463,-75.5798
5576,United States,Violence against civilians,39.1463,-75.5798
5577,United States,Violence against civilians,39.1463,-75.5798
5995,United States,Riots,38.896,-76.9892
5996,United States,Riots,38.896,-76.9892
5997,United States,Riots,38.896,-76.9892
5998,United States,Riots,38.896,-76.9892
5999,United States,Riots,38.896,-76.9892
6000,United States,Riots,38.896,-76.9892
6001,United States,Riots,38.896,-76.9892
6002,United States,Riots,38.896,-76.9892
6003,United States,Riots,38.896,-76.9892
6004,United States,Riots,38.896,-76.9892
6005,United States,Riots,38.896,-76.9892
6006,United States,Riots,38.896,-76.9892
6007,United States,Riots,38.896,-76.9892
6008,United States,Riots,38.896,-76.9892
6009,United States,Riots,38.896,-76.9892
6010,United States,Riots,38.896,-76.9892
6011,United States,Riots,38.896,-76.9892
6012,United States,Riots,38.896,-76.9892
6013,United States,Riots,38.896,-76.9892
6014,United States,Riots,38.896,-76.9892
6015,United States,Riots,38.896,-76.9892
6016,United States,Riots,38.896,-76.9892
6017,United States,Riots,38.896,-76.9892
6018,United States,Riots,38.896,-76.9892
6019,United States,Riots,38.896,-76.9892
6020,United States,Riots,38.896,-76.9892
6021,United States,Riots,38.896,-76.9892
6022,United States,Riots,38.896,-76.9892
6023,United States,Riots,38.896,-76.9892
6024,United States,Riots,38.896,-76.9892
6025,United States,Riots,38.896,-76.9892
6026,United States,Riots,38.896,-76.9892
6027,United States,Riots,38.896,-76.9892
6028,United States,Riots,38.896,-76.9892
6091,United States,Violence against civilians,38.896,-76.9892
6092,United States,Violence against civilians,38.896,-76.9892
6093,United States,Violence against civilians,38.896,-76.9892
6094,United States,Violence against civilians,38.896,-76.9892
6095,United States,Violence against civilians,38.896,-76.9892
6096,United States,Violence against civilians,38.896,-76.9892
6097,United States,Violence against civilians,38.896,-76.9892
6098,United States,Violence against civilians,38.896,-76.9892
6099,United States,Violence against civilians,38.896,-76.9892
6100,United States,Violence against civilians,38.896,-76.9892
6101,United States,Violence against civilians,38.896,-76.9892
6102,United States,Violence against civilians,38.896,-76.9892
6472,United States,Riots,27.9746,-81.5608
6473,United States,Riots,27.9746,-81.5608
6474,United States,Riots,27.9746,-81.5608
6475,United States,Riots,27.9746,-81.5608
6476,United States,Riots,27.9746,-81.5608
6477,United States,Riots,27.9746,-81.5608
6478,United States,Riots,27.9746,-81.5608
6479,United States,Riots,27.9746,-81.5608
6480,United States,Riots,27.9746,-81.5608
6481,United States,Riots,27.9746,-81.5608
6482,United States,Riots,27.9746,-81.5608
6483,United States,Riots,27.9746,-81.5608
6484,United States,Riots,27.9746,-81.5608
6485,United States,Riots,27.9746,-81.5608
6486,United States,Riots,27.9746,-81.5608
6487,United States,Riots,27.9746,-81.5608
6488,United States,Riots,27.9746,-81.5608
6489,United States,Riots,27.9746,-81.5608
6490,United States,Riots,27.9746,-81.5608
6491,United States,Riots,27.9746,-81.5608
6492,United States,Riots,27.9746,-81.5608
6493,United States,Riots,27.9746,-81.5608
6494,United States,Riots,27.9746,-81.5608
6495,United States,Riots,27.9746,-81.5608
6496,United States,Riots,27.9746,-81.5608
6497,United States,Riots,27.9746,-81.5608
6498,United States,Riots,27.9746,-81.5608
6499,United States,Riots,27.9746,-81.5608
6500,United States,Riots,27.9746,-81.5608
6501,United States,Riots,27.9746,-81.5608
6502,United States,Riots,27.9746,-81.5608
6613,United States,Violence against civilians,27.9746,-81.5608
6614,United States,Violence against civilians,27.9746,-81.5608
6615,United States,Violence against civilians,27.9746,-81.5608
6616,United States,Violence against civilians,27.9746,-81.5608
6617,United States,Violence against civilians,27.9746,-81.5608
6618,United States,Violence against civilians,27.9746,-81.5608
6619,United States,Violence against civilians,27.9746,-81.5608
6620,United States,Violence against civilians,27.9746,-81.5608
6621,United States,Violence against civilians,27.9746,-81.5608
6622,United States,Violence against civilians,27.9746,-81.5608
6623,United States,Violence against civilians,27.9746,-81.5608
6624,United States,Violence against civilians,27.9746,-81.5608
6625,United States,Violence against civilians,27.9746,-81.5608
6626,United States,Violence against civilians,27.9746,-81.5608
6627,United States,Violence against civilians,27.9746,-81.5608
6628,United States,Violence against civilians,27.9746,-81.5608
6629,United States,Violence against civilians,27.9746,-81.5608
6630,United States,Violence against civilians,27.9746,-81.5608
6631,United States,Violence against civilians,27.9746,-81.5608
6632,United States,Violence against civilians,27.9746,-81.5608
6633,United States,Violence against civilians,27.9746,-81.5608
6634,United States,Violence against civilians,27.9746,-81.5608
6635,United States,Violence against civilians,27.9746,-81.5608
6636,United States,Violence against civilians,27.9746,-81.5608
6637,United States,Violence against civilians,27.9746,-81.5608
6638,United States,Violence against civilians,27.9746,-81.5608
6639,United States,Violence against civilians,27.9746,-81.5608
6640,United States,Violence against civilians,27.9746,-81.5608
6641,United States,Violence against civilians,27.9746,-81.5608
6642,United States,Violence against civilians,27.9746,-81.5608
6644,United States,Explosions/Remote violence,32.675,-83.2508
6968,United States,Riots,32.675,-83.2508
6969,United States,Riots,32.675,-83.2508
6970,United States,Riots,32.675,-83.2508
6971,United States,Riots,32.675,-83.2508
6972,United States,Riots,32.675,-83.2508
6973,United States,Riots,32.675,-83.2508
6974,United States,Riots,32.675,-83.2508
6975,United States,Riots,32.675,-83.2508
6976,United States,Riots,32.675,-83.2508
6977,United States,Riots,32.675,-83.2508
6978,United States,Riots,32.675,-83.2508
6979,United States,Riots,32.675,-83.2508
6980,United States,Riots,32.675,-83.2508
6981,United States,Riots,32.675,-83.2508
6982,United States,Riots,32.675,-83.2508
6983,United States,Riots,32.675,-83.2508
6984,United States,Riots,32.675,-83.2508
6985,United States,Riots,32.675,-83.2508
6986,United States,Riots,32.675,-83.2508
6987,United States,Riots,32.675,-83.2508
6988,United States,Riots,32.675,-83.2508
6989,United States,Riots,32.675,-83.2508
6990,United States,Riots,32.675,-83.2508
6991,United States,Riots,32.675,-83.2508
6992,United States,Riots,32.675,-83.2508
6993,United States,Riots,32.675,-83.2508
6994,United States,Riots,32.675,-83.2508
6995,United States,Riots,32.675,-83.2508
6996,United States,Riots,32.675,-83.2508
6997,United States,Riots,32.675,-83.2508
6998,United States,Riots,32.675,-83.2508
7089,United States,Violence against civilians,32.675,-83.2508
7090,United States,Violence against civilians,32.675,-83.2508
7091,United States,Violence against civilians,32.675,-83.2508
7092,United States,Violence against civilians,32.675,-83.2508
7093,United States,Violence against civilians,32.675,-83.2508
7094,United States,Violence against civilians,32.675,-83.2508
7095,United States,Violence against civilians,32.675,-83.2508
7096,United States,Violence against civilians,32.675,-83.2508
7097,United States,Violence against civilians,32.675,-83.2508
7098,United States,Violence against civilians,32.675,-83.2508
7099,United States,Violence against civilians,32.675,-83.2508
7100,United States,Violence against civilians,32.675,-83.2508
7101,United States,Violence against civilians,32.675,-83.2508
7102,United States,Violence against civilians,32.675,-83.2508
7103,United States,Violence against civilians,32.675,-83.2508
7104,United States,Violence against civilians,32.675,-83.2508
7316,United States,Riots,19.5898,-155.4492
7317,United States,Riots,19.5898,-155.4492
7318,United States,Riots,19.5898,-155.4492
7324,United States,Violence against civilians,19.5898,-155.4492
7325,United States,Violence against civilians,19.5898,-155.4492
7532,United States,Riots,45.4938,-115.465
7533,United States,Riots,45.4938,-115.465
7534,United States,Riots,45.4938,-115.465
7535,United States,Riots,45.4938,-115.465
7536,United States,Riots,45.4938,-115.465
7537,United States,Riots,45.4938,-115.465
7584,United States,Violence against civilians,45.4938,-115.465
7585,United States,Violence against civilians,45.4938,-115.465
7586,United States,Violence against civilians,45.4938,-115.465
7587,United States,Violence against civilians,45.4938,-115.465
7958,United States,Riots,39.7588,-89.4493
7959,United States,Riots,39.7588,-89.4493
7960,United States,Riots,39.7588,-89.4493
7961,United States,Riots,39.7588,-89.4493
7962,United States,Riots,39.7588,-89.4493
7963,United States,Riots,39.7588,-89.4493
7964,United States,Riots,39.7588,-89.4493
7965,United States,Riots,39.7588,-89.4493
7966,United States,Riots,39.7588,-89.4493
7967,United States,Riots,39.7588,-89.4493
7968,United States,Riots,39.7588,-89.4493
7969,United States,Riots,39.7588,-89.4493
7970,United States,Riots,39.7588,-89.4493
7971,United States,Riots,39.7588,-89.4493
7972,United States,Riots,39.7588,-89.4493
7973,United States,Riots,39.7588,-89.4493
7974,United States,Riots,39.7588,-89.4493
7975,United States,Riots,39.7588,-89.4493
7976,United States,Riots,39.7588,-89.4493
7977,United States,Riots,39.7588,-89.4493
7978,United States,Riots,39.7588,-89.4493
7979,United States,Riots,39.7588,-89.4493
7980,United States,Riots,39.7588,-89.4493
7981,United States,Riots,39.7588,-89.4493
7982,United States,Riots,39.7588,-89.4493
7983,United States,Riots,39.7588,-89.4493
7984,United States,Riots,39.7588,-89.4493
7985,United States,Riots,39.7588,-89.4493
7986,United States,Riots,39.7588,-89.4493
7987,United States,Riots,39.7588,-89.4493
7988,United States,Riots,39.7588,-89.4493
7989,United States,Riots,39.7588,-89.4493
7990,United States,Riots,39.7588,-89.4493
8062,United States,Violence against civilians,39.7588,-89.4493
8063,United States,Violence against civilians,39.7588,-89.4493
8064,United States,Violence against civilians,39.7588,-89.4493
8065,United States,Violence against civilians,39.7588,-89.4493
8066,United States,Violence against civilians,39.7588,-89.4493
8067,United States,Violence against civilians,39.7588,-89.4493
8068,United States,Violence against civilians,39.7588,-89.4493
8069,United States,Violence against civilians,39.7588,-89.4493
8070,United States,Violence against civilians,39.7588,-89.4493
8071,United States,Violence against civilians,39.7588,-89.4493
8072,United States,Violence against civilians,39.7588,-89.4493
8073,United States,Violence against civilians,39.7588,-89.4493
8074,United States,Violence against civilians,39.7588,-89.4493
8075,United States,Violence against civilians,39.7588,-89.4493
8076,United States,Violence against civilians,39.7588,-89.4493
8077,United States,Violence against civilians,39.7588,-89.4493
8078,United States,Violence against civilians,39.7588,-89.4493
8079,United States,Violence against civilians,39.7588,-89.4493
8367,United States,Riots,39.735,-86.1735
8368,United States,Riots,39.735,-86.1735
8369,United States,Riots,39.735,-86.1735
8370,United States,Riots,39.735,-86.1735
8371,United States,Riots,39.735,-86.1735
8408,United States,Violence against civilians,39.735,-86.1735
8409,United States,Violence against civilians,39.735,-86.1735
8410,United States,Violence against civilians,39.735,-86.1735
8411,United States,Violence against civilians,39.735,-86.1735
8412,United States,Violence against civilians,39.735,-86.1735
8666,United States,Riots,41.9412,-93.1512
8667,United States,Riots,41.9412,-93.1512
8668,United States,Riots,41.9412,-93.1512
8669,United States,Riots,41.9412,-93.1512
8670,United States,Riots,41.9412,-93.1512
8671,United States,Riots,41.9412,-93.1512
8684,United States,Violence against civilians,41.9412,-93.1512
8865,United States,Riots,38.5371,-98.3288
8866,United States,Riots,38.5371,-98.3288
8867,United States,Riots,38.5371,-98.3288
8868,United States,Riots,38.5371,-98.3288
8869,United States,Riots,38.5371,-98.3288
8881,United States,Violence against civilians,38.5371,-98.3288
8882,United States,Violence against civilians,38.5371,-98.3288
8883,United States,Violence against civilians,38.5371,-98.3288
9145,United States,Riots,37.8238,-84.7291
9146,United States,Riots,37.8238,-84.7291
9147,United States,Riots,37.8238,-84.7291
9148,United States,Riots,37.8238,-84.7291
9149,United States,Riots,37.8238,-84.7291
9150,United States,Riots,37.8238,-84.7291
9151,United States,Riots,37.8238,-84.7291
9152,United States,Riots,37.8238,-84.7291
9153,United States,Riots,37.8238,-84.7291
9154,United States,Riots,37.8238,-84.7291
9155,United States,Riots,37.8238,-84.7291
9188,United States,Violence against civilians,37.8238,-84.7291
9189,United States,Violence against civilians,37.8238,-84.7291
9190,United States,Violence against civilians,37.8238,-84.7291
9191,United States,Violence against civilians,37.8238,-84.7291
9192,United States,Violence against civilians,37.8238,-84.7291
9467,United States,Riots,30.9714,-91.6468
9468,United States,Riots,30.9714,-91.6468
9469,United States,Riots,30.9714,-91.6468
9470,United States,Riots,30.9714,-91.6468
9471,United States,Riots,30.9714,-91.6468
9472,United States,Riots,30.9714,-91.6468
9515,United States,Violence against civilians,30.9714,-91.6468
9516,United States,Violence against civilians,30.9714,-91.6468
9517,United States,Violence against civilians,30.9714,-91.6468
9518,United States,Violence against civilians,30.9714,-91.6468
9519,United States,Violence against civilians,30.9714,-91.6468
9520,United States,Violence against civilians,30.9714,-91.6468
9521,United States,Violence against civilians,30.9714,-91.6468
9522,United States,Violence against civilians,30.9714,-91.6468
9523,United States,Violence against civilians,30.9714,-91.6468
9777,United States,Riots,45.2622,-69.1597
9778,United States,Riots,45.2622,-69.1597
9779,United States,Riots,45.2622,-69.1597
9780,United States,Riots,45.2622,-69.1597
9781,United States,Riots,45.2622,-69.1597
10091,United States,Riots,38.823,-76.7496
10092,United States,Riots,38.823,-76.7496
10093,United States,Riots,38.823,-76.7496
10094,United States,Riots,38.823,-76.7496
10095,United States,Riots,38.823,-76.7496
10096,United States,Riots,38.823,-76.7496
10097,United States,Riots,38.823,-76.7496
10098,United States,Riots,38.823,-76.7496
10099,United States,Riots,38.823,-76.7496
10100,United States,Riots,38.823,-76.7496
10101,United States,Riots,38.823,-76.7496
10102,United States,Riots,38.823,-76.7496
10103,United States,Riots,38.823,-76.7496
10104,United States,Riots,38.823,-76.7496
10105,United States,Riots,38.823,-76.7496
10153,United States,Violence against civilians,38.823,-76.7496
10154,United States,Violence against civilians,38.823,-76.7496
10155,United States,Violence against civilians,38.823,-76.7496
10156,United States,Violence against civilians,38.823,-76.7496
10157,United States,Violence against civilians,38.823,-76.7496
10158,United States,Violence against civilians,38.823,-76.7496
10508,United States,Riots,42.191,-72.0933
10509,United States,Riots,42.191,-72.0933
10510,United States,Riots,42.191,-72.0933
10511,United States,Riots,42.191,-72.0933
10512,United States,Riots,42.191,-72.0933
10513,United States,Riots,42.191,-72.0933
10514,United States,Riots,42.191,-72.0933
10515,United States,Riots,42.191,-72.0933
10516,United States,Riots,42.191,-72.0933
10517,United States,Riots,42.191,-72.0933
10518,United States,Riots,42.191,-72.0933
10519,United States,Riots,42.191,-72.0933
10520,United States,Riots,42.191,-72.0933
10521,United States,Riots,42.191,-72.0933
10522,United States,Riots,42.191,-72.0933
10523,United States,Riots,42.191,-72.0933
10524,United States,Riots,42.191,-72.0933
10525,United States,Riots,42.191,-72.0933
10526,United States,Riots,42.191,-72.0933
10527,United States,Riots,42.191,-72.0933
10528,United States,Riots,42.191,-72.0933
10529,United States,Riots,42.191,-72.0933
10530,United States,Riots,42.191,-72.0933
10531,United States,Riots,42.191,-72.0933
10532,United States,Riots,42.191,-72.0933
10533,United States,Riots,42.191,-72.0933
10636,United States,Violence against civilians,42.191,-72.0933
10637,United States,Violence against civilians,42.191,-72.0933
10638,United States,Violence against civilians,42.191,-72.0933
10639,United States,Violence against civilians,42.191,-72.0933
10640,United States,Violence against civilians,42.191,-72.0933
10641,United States,Violence against civilians,42.191,-72.0933
10973,United States,Riots,46.283,-86.9795
10974,United States,Riots,46.283,-86.9795
10975,United States,Riots,46.283,-86.9795
10976,United States,Riots,46.283,-86.9795
10977,United States,Riots,46.283,-86.9795
10978,United States,Riots,46.283,-86.9795
10979,United States,Riots,46.283,-86.9795
10980,United States,Riots,46.283,-86.9795
10981,United States,Riots,46.283,-86.9795
10982,United States,Riots,46.283,-86.9795
10983,United States,Riots,46.283,-86.9795
10984,United States,Riots,46.283,-86.9795
10985,United States,Riots,46.283,-86.9795
10986,United States,Riots,46.283,-86.9795
10987,United States,Riots,46.283,-86.9795
10988,United States,Riots,46.283,-86.9795
10989,United States,Riots,46.283,-86.9795
11093,United States,Violence against civilians,46.283,-86.9795
11094,United States,Violence against civilians,46.283,-86.9795
11095,United States,Violence against civilians,46.283,-86.9795
11096,United States,Violence against civilians,46.283,-86.9795
11097,United States,Violence against civilians,46.283,-86.9795
11098,United States,Violence against civilians,46.283,-86.9795
11099,United States,Violence against civilians,46.283,-86.9795
11100,United States,Violence against civilians,46.283,-86.9795
11101,United States,Violence against civilians,46.283,-86.9795
11102,United States,Violence against civilians,46.283,-86.9795
11442,United States,Riots,46.4526,-94.5044
11443,United States,Riots,46.4526,-94.5044
11444,United States,Riots,46.4526,-94.5044
11445,United States,Riots,46.4526,-94.5044
11446,United States,Riots,46.4526,-94.5044
11447,United States,Riots,46.4526,-94.5044
11448,United States,Riots,46.4526,-94.5044
11449,United States,Riots,46.4526,-94.5044
11450,United States,Riots,46.4526,-94.5044
11451,United States,Riots,46.4526,-94.5044
11452,United States,Riots,46.4526,-94.5044
11453,United States,Riots,46.4526,-94.5044
11454,United States,Riots,46.4526,-94.5044
11455,United States,Riots,46.4526,-94.5044
11456,United States,Riots,46.4526,-94.5044
11457,United States,Riots,46.4526,-94.5044
11458,United States,Riots,46.4526,-94.5044
11459,United States,Riots,46.4526,-94.5044
11460,United States,Riots,46.4526,-94.5044
11516,United States,Violence against civilians,46.4526,-94.5044
11517,United States,Violence against civilians,46.4526,-94.5044
11518,United States,Violence against civilians,46.4526,-94.5044
11519,United States,Violence against civilians,46.4526,-94.5044
11520,United States,Violence against civilians,46.4526,-94.5044
11521,United States,Violence against civilians,46.4526,-94.5044
11522,United States,Violence against civilians,46.4526,-94.5044
11523,United States,Violence against civilians,46.4526,-94.5044
11524,United States,Violence against civilians,46.4526,-94.5044
11525,United States,Violence against civilians,46.4526,-94.5044
11526,United States,Violence against civilians,46.4526,-94.5044
11527,United States,Violence against civilians,46.4526,-94.5044
11528,United States,Violence against civilians,46.4526,-94.5044
11721,United States,Riots,32.5929,-89.7047
11722,United States,Riots,32.5929,-89.7047
11723,United States,Riots,32.5929,-89.7047
11753,United States,Violence against civilians,32.5929,-89.7047
11754,United States,Violence against civilians,32.5929,-89.7047
11755,United States,Violence against civilians,32.5929,-89.7047
11756,United States,Violence against civilians,32.5929,-89.7047
11757,United States,Violence against civilians,32.5929,-89.7047
11758,United States,Violence against civilians,32.5929,-89.7047
11759,United States,Violence against civilians,32.5929,-89.7047
12052,United States,Riots,38.3026,-92.4931
12053,United States,Riots,38.3026,-92.4931
12054,United States,Riots,38.3026,-92.4931
12055,United States,Riots,38.3026,-92.4931
12056,United States,Riots,38.3026,-92.4931
12057,United States,Riots,38.3026,-92.4931
12058,United States,Riots,38.3026,-92.4931
12059,United States,Riots,38.3026,-92.4931
12060,United States,Riots,38.3026,-92.4931
12061,United States,Riots,38.3026,-92.4931
12062,United States,Riots,38.3026,-92.4931
12063,United States,Riots,38.3026,-92.4931
12064,United States,Riots,38.3026,-92.4931
12065,United States,Riots,38.3026,-92.4931
12113,United States,Violence against civilians,38.3026,-92.4931
12114,United States,Violence against civilians,38.3026,-92.4931
12115,United States,Violence against civilians,38.3026,-92.4931
12116,United States,Violence against civilians,38.3026,-92.4931
12117,United States,Violence against civilians,38.3026,-92.4931
12282,United States,Riots,46.6854,-109.339
12317,United States,Violence against civilians,46.6854,-109.339
12493,United States,Riots,41.4977,-100.0302
12494,United States,Riots,41.4977,-100.0302
12495,United States,Riots,41.4977,-100.0302
12496,United States,Riots,41.4977,-100.0302
12497,United States,Riots,41.4977,-100.0302
12763,United States,Riots,38.5334,-116.6892
12764,United States,Riots,38.5334,-116.6892
12765,United States,Riots,38.5334,-116.6892
12766,United States,Riots,38.5334,-116.6892
12767,United States,Riots,38.5334,-116.6892
12768,United States,Riots,38.5334,-116.6892
12769,United States,Riots,38.5334,-116.6892
12770,United States,Riots,38.5334,-116.6892
12771,United States,Riots,38.5334,-116.6892
12772,United States,Riots,38.5334,-116.6892
12797,United States,Violence against civilians,38.5334,-116.6892
12798,United States,Violence against civilians,38.5334,-116.6892
12799,United States,Violence against civilians,38.5334,-116.6892
12800,United States,Violence against civilians,38.5334,-116.6892
12801,United States,Violence against civilians,38.5334,-116.6892
12802,United States,Violence against civilians,38.5334,-116.6892
12803,United States,Violence against civilians,38.5334,-116.6892
13025,United States,Riots,44.0036,-71.5541
13026,United States,Riots,44.0036,-71.5541
13027,United States,Riots,44.0036,-71.5541
13028,United States,Riots,44.0036,-71.5541
13029,United States,Riots,44.0036,-71.5541
13062,United States,Violence against civilians,44.0036,-71.5541
13063,United States,Explosions/Remote violence,40.1422,-74.3782
13371,United States,Riots,40.1422,-74.3782
13372,United States,Riots,40.1422,-74.3782
13373,United States,Riots,40.1422,-74.3782
13374,United States,Riots,40.1422,-74.3782
13375,United States,Riots,40.1422,-74.3782
13376,United States,Riots,40.1422,-74.3782
13377,United States,Riots,40.1422,-74.3782
13378,United States,Riots,40.1422,-74.3782
13379,United States,Riots,40.1422,-74.3782
13402,United States,Violence against civilians,40.1422,-74.3782
13403,United States,Violence against civilians,40.1422,-74.3782
13404,United States,Violence against civilians,40.1422,-74.3782
13405,United States,Violence against civilians,40.1422,-74.3782
13634,United States,Riots,34.0853,-106.0451
13635,United States,Riots,34.0853,-106.0451
13636,United States,Riots,34.0853,-106.0451
13637,United States,Riots,34.0853,-106.0451
13638,United States,Riots,34.0853,-106.0451
13639,United States,Riots,34.0853,-106.0451
13640,United States,Riots,34.0853,-106.0451
13641,United States,Riots,34.0853,-106.0451
13642,United States,Riots,34.0853,-106.0451
13643,United States,Riots,34.0853,-106.0451
13644,United States,Riots,34.0853,-106.0451
13661,United States,Violence against civilians,34.0853,-106.0451
13662,United States,Violence against civilians,34.0853,-106.0451
13663,United States,Violence against civilians,34.0853,-106.0451
13664,United States,Violence against civilians,34.0853,-106.0451
13665,United States,Violence against civilians,34.0853,-106.0451
13666,United States,Violence against civilians,34.0853,-106.0451
13667,United States,Violence against civilians,34.0853,-106.0451
13668,United States,Violence against civilians,34.0853,-106.0451
13669,United States,Violence against civilians,34.0853,-106.0451
13670,United States,Violence against civilians,34.0853,-106.0451
14179,United States,Riots,42.8757,-76.0829
14180,United States,Riots,42.8757,-76.0829
14181,United States,Riots,42.8757,-76.0829
14182,United States,Riots,42.8757,-76.0829
14183,United States,Riots,42.8757,-76.0829
14184,United States,Riots,42.8757,-76.0829
14185,United States,Riots,42.8757,-76.0829
14186,United States,Riots,42.8757,-76.0829
14187,United States,Riots,42.8757,-76.0829
14188,United States,Riots,42.8757,-76.0829
14189,United States,Riots,42.8757,-76.0829
14190,United States,Riots,42.8757,-76.0829
14191,United States,Riots,42.8757,-76.0829
14192,United States,Riots,42.8757,-76.0829
14193,United States,Riots,42.8757,-76.0829
14194,United States,Riots,42.8757,-76.0829
14195,United States,Riots,42.8757,-76.0829
14196,United States,Riots,42.8757,-76.0829
14197,United States,Riots,42.8757,-76.0829
14198,United States,Riots,42.8757,-76.0829
14199,United States,Riots,42.8757,-76.0829
14200,United States,Riots,42.8757,-76.0829
14201,United States,Riots,42.8757,-76.0829
14202,United States,Riots,42.8757,-76.0829
14203,United States,Riots,42.8757,-76.0829
14204,United States,Riots,42.8757,-76.0829
14205,United States,Riots,42.8757,-76.0829
14206,United States,Riots,42.8757,-76.0829
14207,United States,Riots,42.8757,-76.0829
14208,United States,Riots,42.8757,-76.0829
14209,United States,Riots,42.8757,-76.0829
14210,United States,Riots,42.8757,-76.0829
14211,United States,Riots,42.8757,-76.0829
14212,United States,Riots,42.8757,-76.0829
14213,United States,Riots,42.8757,-76.0829
14214,United States,Riots,42.8757,-76.0829
14215,United States,Riots,42.8757,-76.0829
14216,United States,Riots,42.8757,-76.0829
14217,United States,Riots,42.8757,-76.0829
14218,United States,Riots,42.8757,-76.0829
14219,United States,Riots,42.8757,-76.0829
14220,United States,Riots,42.8757,-76.0829
14221,United States,Riots,42.8757,-76.0829
14222,United States,Riots,42.8757,-76.0829
14223,United States,Riots,42.8757,-76.0829
14224,United States,Riots,42.8757,-76.0829
14225,United States,Riots,42.8757,-76.0829
14226,United States,Riots,42.8757,-76.0829
14227,United States,Riots,42.8757,-76.0829
14228,United States,Riots,42.8757,-76.0829
14229,United States,Riots,42.8757,-76.0829
14230,United States,Riots,42.8757,-76.0829
14231,United States,Riots,42.8757,-76.0829
14232,United States,Riots,42.8757,-76.0829
14233,United States,Riots,42.8757,-76.0829
14234,United States,Riots,42.8757,-76.0829
14235,United States,Riots,42.8757,-76.0829
14236,United States,Riots,42.8757,-76.0829
14237,United States,Riots,42.8757,-76.0829
14238,United States,Riots,42.8757,-76.0829
14239,United States,Riots,42.8757,-76.0829
14240,United States,Riots,42.8757,-76.0829
14241,United States,Riots,42.8757,-76.0829
14242,United States,Riots,42.8757,-76.0829
14243,United States,Riots,42.8757,-76.0829
14244,United States,Riots,42.8757,-76.0829
14245,United States,Riots,42.8757,-76.0829
14246,United States,Riots,42.8757,-76.0829
14247,United States,Riots,42.8757,-76.0829
14248,United States,Riots,42.8757,-76.0829
14249,United States,Riots,42.8757,-76.0829
14250,United States,Riots,42.8757,-76.0829
14251,United States,Riots,42.8757,-76.0829
14252,United States,Riots,42.8757,-76.0829
14253,United States,Riots,42.8757,-76.0829
14254,United States,Riots,42.8757,-76.0829
14255,United States,Riots,42.8757,-76.0829
14256,United States,Riots,42.8757,-76.0829
14257,United States,Riots,42.8757,-76.0829
14258,United States,Riots,42.8757,-76.0829
14259,United States,Riots,42.8757,-76.0829
14260,United States,Riots,42.8757,-76.0829
14261,United States,Riots,42.8757,-76.0829
14262,United States,Riots,42.8757,-76.0829
14263,United States,Riots,42.8757,-76.0829
14264,United States,Riots,42.8757,-76.0829
14265,United States,Riots,42.8757,-76.0829
14266,United States,Riots,42.8757,-76.0829
14267,United States,Riots,42.8757,-76.0829
14268,United States,Riots,42.8757,-76.0829
14269,United States,Riots,42.8757,-76.0829
14270,United States,Riots,42.8757,-76.0829
14271,United States,Riots,42.8757,-76.0829
14272,United States,Riots,42.8757,-76.0829
14273,United States,Riots,42.8757,-76.0829
14274,United States,Riots,42.8757,-76.0829
14275,United States,Riots,42.8757,-76.0829
14276,United States,Riots,42.8757,-76.0829
14277,United States,Riots,42.8757,-76.0829
14278,United States,Riots,42.8757,-76.0829
14279,United States,Riots,42.8757,-76.0829
14280,United States,Riots,42.8757,-76.0829
14281,United States,Riots,42.8757,-76.0829
14282,United States,Riots,42.8757,-76.0829
14283,United States,Riots,42.8757,-76.0829
14284,United States,Riots,42.8757,-76.0829
14285,United States,Riots,42.8757,-76.0829
14286,United States,Riots,42.8757,-76.0829
14287,United States,Riots,42.8757,-76.0829
14288,United States,Riots,42.8757,-76.0829
14289,United States,Riots,42.8757,-76.0829
14290,United States,Riots,42.8757,-76.0829
14291,United States,Riots,42.8757,-76.0829
14292,United States,Riots,42.8757,-76.0829
14293,United States,Riots,42.8757,-76.0829
14294,United States,Riots,42.8757,-76.0829
14295,United States,Riots,42.8757,-76.0829
14296,United States,Riots,42.8757,-76.0829
14297,United States,Riots,42.8757,-76.0829
14298,United States,Riots,42.8757,-76.0829
14299,United States,Riots,42.8757,-76.0829
14300,United States,Riots,42.8757,-76.0829
14301,United States,Riots,42.8757,-76.0829
14302,United States,Riots,42.8757,-76.0829
14303,United States,Riots,42.8757,-76.0829
14304,United States,Riots,42.8757,-76.0829
14305,United States,Riots,42.8757,-76.0829
14306,United States,Riots,42.8757,-76.0829
14307,United States,Riots,42.8757,-76.0829
14308,United States,Riots,42.8757,-76.0829
14309,United States,Riots,42.8757,-76.0829
14310,United States,Riots,42.8757,-76.0829
14311,United States,Riots,42.8757,-76.0829
14312,United States,Riots,42.8757,-76.0829
14313,United States,Riots,42.8757,-76.0829
14314,United States,Riots,42.8757,-76.0829
14315,United States,Riots,42.8757,-76.0829
14316,United States,Riots,42.8757,-76.0829
14317,United States,Riots,42.8757,-76.0829
14318,United States,Riots,42.8757,-76.0829
14319,United States,Riots,42.8757,-76.0829
14320,United States,Riots,42.8757,-76.0829
14321,United States,Riots,42.8757,-76.0829
14322,United States,Riots,42.8757,-76.0829
14323,United States,Riots,42.8757,-76.0829
14324,United States,Riots,42.8757,-76.0829
14325,United States,Riots,42.8757,-76.0829
14326,United States,Riots,42.8757,-76.0829
14327,United States,Riots,42.8757,-76.0829
14328,United States,Riots,42.8757,-76.0829
14329,United States,Riots,42.8757,-76.0829
14330,United States,Riots,42.8757,-76.0829
14331,United States,Riots,42.8757,-76.0829
14332,United States,Riots,42.8757,-76.0829
14333,United States,Riots,42.8757,-76.0829
14334,United States,Riots,42.8757,-76.0829
14335,United States,Riots,42.8757,-76.0829
14336,United States,Riots,42.8757,-76.0829
14337,United States,Riots,42.8757,-76.0829
14338,United States,Riots,42.8757,-76.0829
14339,United States,Riots,42.8757,-76.0829
14340,United States,Riots,42.8757,-76.0829
14341,United States,Riots,42.8757,-76.0829
14342,United States,Riots,42.8757,-76.0829
14343,United States,Riots,42.8757,-76.0829
14344,United States,Riots,42.8757,-76.0829
14345,United States,Riots,42.8757,-76.0829
14346,United States,Riots,42.8757,-76.0829
14347,United States,Riots,42.8757,-76.0829
14348,United States,Riots,42.8757,-76.0829
14349,United States,Riots,42.8757,-76.0829
14453,United States,Violence against civilians,42.8757,-76.0829
14454,United States,Violence against civilians,42.8757,-76.0829
14455,United States,Violence against civilians,42.8757,-76.0829
14456,United States,Violence against civilians,42.8757,-76.0829
14457,United States,Violence against civilians,42.8757,-76.0829
14458,United States,Violence against civilians,42.8757,-76.0829
14459,United States,Violence against civilians,42.8757,-76.0829
14460,United States,Violence against civilians,42.8757,-76.0829
14461,United States,Violence against civilians,42.8757,-76.0829
14462,United States,Violence against civilians,42.8757,-76.0829
14463,United States,Violence against civilians,42.8757,-76.0829
14464,United States,Violence against civilians,42.8757,-76.0829
14465,United States,Violence against civilians,42.8757,-76.0829
14466,United States,Violence against civilians,42.8757,-76.0829
14467,United States,Violence against civilians,42.8757,-76.0829
14468,United States,Violence against civilians,42.8757,-76.0829
14469,United States,Violence against civilians,42.8757,-76.0829
14470,United States,Violence against civilians,42.8757,-76.0829
14471,United States,Violence against civilians,42.8757,-76.0829
14472,United States,Violence against civilians,42.8757,-76.0829
14473,United States,Violence against civilians,42.8757,-76.0829
14474,United States,Violence against civilians,42.8757,-76.0829
14475,United States,Violence against civilians,42.8757,-76.0829
14476,United States,Violence against civilians,42.8757,-76.0829
14477,United States,Violence against civilians,42.8757,-76.0829
14478,United States,Violence against civilians,42.8757,-76.0829
14479,United States,Violence against civilians,42.8757,-76.0829
14480,United States,Violence against civilians,42.8757,-76.0829
14481,United States,Violence against civilians,42.8757,-76.0829
14482,United States,Violence against civilians,42.8757,-76.0829
14483,United States,Violence against civilians,42.8757,-76.0829
14484,United States,Violence against civilians,42.8757,-76.0829
14485,United States,Violence against civilians,42.8757,-76.0829
14486,United States,Violence against civilians,42.8757,-76.0829
14488,United States,Explosions/Remote violence,35.2157,-80.4324
14489,United States,Explosions/Remote violence,35.2157,-80.4324
14834,United States,Riots,35.2157,-80.4324
14835,United States,Riots,35.2157,-80.4324
14836,United States,Riots,35.2157,-80.4324
14837,United States,Riots,35.2157,-80.4324
14838,United States,Riots,35.2157,-80.4324
14839,United States,Riots,35.2157,-80.4324
14840,United States,Riots,35.2157,-80.4324
14841,United States,Riots,35.2157,-80.4324
14842,United States,Riots,35.2157,-80.4324
14843,United States,Riots,35.2157,-80.4324
14844,United States,Riots,35.2157,-80.4324
14845,United States,Riots,35.2157,-80.4324
14846,United States,Riots,35.2157,-80.4324
14847,United States,Riots,35.2157,-80.4324
14848,United States,Riots,35.2157,-80.4324
14849,United States,Riots,35.2157,-80.4324
14850,United States,Riots,35.2157,-80.4324
14851,United States,Riots,35.2157,-80.4324
14852,United States,Riots,35.2157,-80.4324
14853,United States,Riots,35.2157,-80.4324
14854,United States,Riots,35.2157,-80.4324
14855,United States,Riots,35.2157,-80.4324
14856,United States,Riots,35.2157,-80.4324
14857,United States,Riots,35.2157,-80.4324
14858,United States,Riots,35.2157,-80.4324
14859,United States,Riots,35.2157,-80.4324
14860,United States,Riots,35.2157,-80.4324
14861,United States,Riots,35.2157,-80.4324
14958,United States,Violence against civilians,35.2157,-80.4324
14959,United States,Violence against civilians,35.2157,-80.4324
14960,United States,Violence against civilians,35.2157,-80.4324
14961,United States,Violence against civilians,35.2157,-80.4324
14962,United States,Violence against civilians,35.2157,-80.4324
14963,United States,Violence against civilians,35.2157,-80.4324
14964,United States,Violence against civilians,35.2157,-80.4324
14965,United States,Violence against civilians,35.2157,-80.4324
14966,United States,Violence against civilians,35.2157,-80.4324
15069,United States,Riots,47.4676,-100.4501
15070,United States,Riots,47.4676,-100.4501
15417,United States,Riots,40.1773,-82.7467
15418,United States,Riots,40.1773,-82.7467
15419,United States,Riots,40.1773,-82.7467
15420,United States,Riots,40.1773,-82.7467
15421,United States,Riots,40.1773,-82.7467
15422,United States,Riots,40.1773,-82.7467
15423,United States,Riots,40.1773,-82.7467
15424,United States,Riots,40.1773,-82.7467
15425,United States,Riots,40.1773,-82.7467
15426,United States,Riots,40.1773,-82.7467
15427,United States,Riots,40.1773,-82.7467
15428,United States,Riots,40.1773,-82.7467
15429,United States,Riots,40.1773,-82.7467
15430,United States,Riots,40.1773,-82.7467
15431,United States,Riots,40.1773,-82.7467
15432,United States,Riots,40.1773,-82.7467
15527,United States,Violence against civilians,40.1773,-82.7467
15528,United States,Violence against civilians,40.1773,-82.7467
15529,United States,Violence against civilians,40.1773,-82.7467
15530,United States,Violence against civilians,40.1773,-82.7467
15531,United States,Violence against civilians,40.1773,-82.7467
15532,United States,Violence against civilians,40.1773,-82.7467
15533,United States,Violence against civilians,40.1773,-82.7467
15534,United States,Violence against civilians,40.1773,-82.7467
15535,United States,Violence against civilians,40.1773,-82.7467
15536,United States,Violence against civilians,40.1773,-82.7467
15537,United States,Violence against civilians,40.1773,-82.7467
15758,United States,Riots,35.2898,-97.2176
15759,United States,Riots,35.2898,-97.2176
15760,United States,Riots,35.2898,-97.2176
15761,United States,Riots,35.2898,-97.2176
16145,United States,Riots,44.1147,-120.5243
16146,United States,Riots,44.1147,-120.5243
16147,United States,Riots,44.1147,-120.5243
16148,United States,Riots,44.1147,-120.5243
16149,United States,Riots,44.1147,-120.5243
16150,United States,Riots,44.1147,-120.5243
16151,United States,Riots,44.1147,-120.5243
16152,United States,Riots,44.1147,-120.5243
16153,United States,Riots,44.1147,-120.5243
16154,United States,Riots,44.1147,-120.5243
16155,United States,Riots,44.1147,-120.5243
16156,United States,Riots,44.1147,-120.5243
16157,United States,Riots,44.1147,-120.5243
16158,United States,Riots,44.1147,-120.5243
16159,United States,Riots,44.1147,-120.5243
16160,United States,Riots,44.1147,-120.5243
16161,United States,Riots,44.1147,-120.5243
16162,United States,Riots,44.1147,-120.5243
16163,United States,Riots,44.1147,-120.5243
16164,United States,Riots,44.1147,-120.5243
16165,United States,Riots,44.1147,-120.5243
16166,United States,Riots,44.1147,-120.5243
16167,United States,Riots,44.1147,-120.5243
16168,United States,Riots,44.1147,-120.5243
16169,United States,Riots,44.1147,-120.5243
16170,United States,Riots,44.1147,-120.5243
16171,United States,Riots,44.1147,-120.5243
16172,United States,Riots,44.1147,-120.5243
16173,United States,Riots,44.1147,-120.5243
16174,United States,Riots,44.1147,-120.5243
16175,United States,Riots,44.1147,-120.5243
16176,United States,Riots,44.1147,-120.5243
16177,United States,Riots,44.1147,-120.5243
16178,United States,Riots,44.1147,-120.5243
16179,United States,Riots,44.1147,-120.5243
16180,United States,Riots,44.1147,-120.5243
16181,United States,Riots,44.1147,-120.5243
16182,United States,Riots,44.1147,-120.5243
16183,United States,Riots,44.1147,-120.5243
16184,United States,Riots,44.1147,-120.5243
16185,United States,Riots,44.1147,-120.5243
16186,United States,Riots,44.1147,-120.5243
16187,United States,Riots,44.1147,-120.5243
16188,United States,Riots,44.1147,-120.5243
16189,United States,Riots,44.1147,-120.5243
16190,United States,Riots,44.1147,-120.5243
16191,United States,Riots,44.1147,-120.5243
16192,United States,Riots,44.1147,-120.5243
16193,United States,Riots,44.1147,-120.5243
16194,United States,Riots,44.1147,-120.5243
16195,United States,Riots,44.1147,-120.5243
16196,United States,Riots,44.1147,-120.5243
16197,United States,Riots,44.1147,-120.5243
16198,United States,Riots,44.1147,-120.5243
16199,United States,Riots,44.1147,-120.5243
16200,United States,Riots,44.1147,-120.5243
16201,United States,Riots,44.1147,-120.5243
16202,United States,Riots,44.1147,-120.5243
16203,United States,Riots,44.1147,-120.5243
16204,United States,Riots,44.1147,-120.5243
16205,United States,Riots,44.1147,-120.5243
16206,United States,Riots,44.1147,-120.5243
16207,United States,Riots,44.1147,-120.5243
16208,United States,Riots,44.1147,-120.5243
16209,United States,Riots,44.1147,-120.5243
16210,United States,Riots,44.1147,-120.5243
16211,United States,Riots,44.1147,-120.5243
16212,United States,Riots,44.1147,-120.5243
16213,United States,Riots,44.1147,-120.5243
16214,United States,Riots,44.1147,-120.5243
16215,United States,Riots,44.1147,-120.5243
16216,United States,Riots,44.1147,-120.5243
16217,United States,Riots,44.1147,-120.5243
16218,United States,Riots,44.1147,-120.5243
16219,United States,Riots,44.1147,-120.5243
16220,United States,Riots,44.1147,-120.5243
16221,United States,Riots,44.1147,-120.5243
16222,United States,Riots,44.1147,-120.5243
16223,United States,Riots,44.1147,-120.5243
16224,United States,Riots,44.1147,-120.5243
16225,United States,Riots,44.1147,-120.5243
16226,United States,Riots,44.1147,-120.5243
16227,United States,Riots,44.1147,-120.5243
16228,United States,Riots,44.1147,-120.5243
16229,United States,Riots,44.1147,-120.5243
16230,United States,Riots,44.1147,-120.5243
16231,United States,Riots,44.1147,-120.5243
16232,United States,Riots,44.1147,-120.5243
16233,United States,Riots,44.1147,-120.5243
16308,United States,Violence against civilians,44.1147,-120.5243
16309,United States,Violence against civilians,44.1147,-120.5243
16310,United States,Violence against civilians,44.1147,-120.5243
16311,United States,Violence against civilians,44.1147,-120.5243
16315,United States,Explosions/Remote violence,40.9976,-77.8194
16681,United States,Riots,40.9976,-77.8194
16682,United States,Riots,40.9976,-77.8194
16683,United States,Riots,40.9976,-77.8194
16684,United States,Riots,40.9976,-77.8194
16685,United States,Riots,40.9976,-77.8194
16686,United States,Riots,40.9976,-77.8194
16687,United States,Riots,40.9976,-77.8194
16688,United States,Riots,40.9976,-77.8194
16689,United States,Riots,40.9976,-77.8194
16690,United States,Riots,40.9976,-77.8194
16691,United States,Riots,40.9976,-77.8194
16692,United States,Riots,40.9976,-77.8194
16693,United States,Riots,40.9976,-77.8194
16694,United States,Riots,40.9976,-77.8194
16695,United States,Riots,40.9976,-77.8194
16696,United States,Riots,40.9976,-77.8194
16697,United States,Riots,40.9976,-77.8194
16698,United States,Riots,40.9976,-77.8194
16699,United States,Riots,40.9976,-77.8194
16700,United States,Riots,40.9976,-77.8194
16701,United States,Riots,40.9976,-77.8194
16702,United States,Riots,40.9976,-77.8194
16703,United States,Riots,40.9976,-77.8194
16704,United States,Riots,40.9976,-77.8194
16705,United States,Riots,40.9976,-77.8194
16706,United States,Riots,40.9976,-77.8194
16707,United States,Riots,40.9976,-77.8194
16708,United States,Riots,40.9976,-77.8194
16798,United States,Violence against civilians,40.9976,-77.8194
16799,United States,Violence against civilians,40.9976,-77.8194
16800,United States,Violence against civilians,40.9976,-77.8194
16801,United States,Violence against civilians,40.9976,-77.8194
16802,United States,Violence against civilians,40.9976,-77.8194
16803,United States,Violence against civilians,40.9976,-77.8194
16804,United States,Violence against civilians,40.9976,-77.8194
16805,United States,Violence against civilians,40.9976,-77.8194
16806,United States,Violence against civilians,40.9976,-77.8194
16807,United States,Violence against civilians,40.9976,-77.8194
16808,United States,Violence against civilians,40.9976,-77.8194
16809,United States,Violence against civilians,40.9976,-77.8194
16810,United States,Violence against civilians,40.9976,-77.8194
17057,United States,Riots,41.6622,-71.6167
17058,United States,Riots,41.6622,-71.6167
17059,United States,Riots,41.6622,-71.6167
17060,United States,Riots,41.6622,-71.6167
17061,United States,Riots,41.6622,-71.6167
17062,United States,Riots,41.6622,-71.6167
17356,United States,Riots,33.6219,-80.5703
17357,United States,Riots,33.6219,-80.5703
17358,United States,Riots,33.6219,-80.5703
17359,United States,Riots,33.6219,-80.5703
17360,United States,Riots,33.6219,-80.5703
17361,United States,Riots,33.6219,-80.5703
17362,United States,Riots,33.6219,-80.5703
17402,United States,Violence against civilians,33.6219,-80.5703
17403,United States,Violence against civilians,33.6219,-80.5703
17404,United States,Violence against civilians,33.6219,-80.5703
17405,United States,Violence against civilians,33.6219,-80.5703
17406,United States,Violence against civilians,33.6219,-80.5703
17407,United States,Violence against civilians,33.6219,-80.5703
17520,United States,Riots,44.2573,-100.2539
17521,United States,Riots,44.2573,-100.2539
17534,United States,Explosions/Remote violence,35.8318,-86.3207
17535,United States,Explosions/Remote violence,35.8318,-86.3207
17835,United States,Riots,35.8318,-86.3207
17836,United States,Riots,35.8318,-86.3207
17837,United States,Riots,35.8318,-86.3207
17838,United States,Riots,35.8318,-86.3207
17839,United States,Riots,35.8318,-86.3207
17840,United States,Riots,35.8318,-86.3207
17942,United States,Violence against civilians,35.8318,-86.3207
17943,United States,Violence against civilians,35.8318,-86.3207
17944,United States,Violence against civilians,35.8318,-86.3207
17945,United States,Violence against civilians,35.8318,-86.3207
17946,United States,Violence against civilians,35.8318,-86.3207
17947,United States,Violence against civilians,35.8318,-86.3207
17948,United States,Violence against civilians,35.8318,-86.3207
17949,United States,Violence against civilians,35.8318,-86.3207
17956,United States,Explosions/Remote violence,31.1686,-99.6829
18304,United States,Riots,31.1686,-99.6829
18305,United States,Riots,31.1686,-99.6829
18306,United States,Riots,31.1686,-99.6829
18307,United States,Riots,31.1686,-99.6829
18308,United States,Riots,31.1686,-99.6829
18309,United States,Riots,31.1686,-99.6829
18310,United States,Riots,31.1686,-99.6829
18311,United States,Riots,31.1686,-99.6829
18312,United States,Riots,31.1686,-99.6829
18313,United States,Riots,31.1686,-99.6829
18314,United States,Riots,31.1686,-99.6829
18315,United States,Riots,31.1686,-99.6829
18316,United States,Riots,31.1686,-99.6829
18317,United States,Riots,31.1686,-99.6829
18318,United States,Riots,31.1686,-99.6829
18319,United States,Riots,31.1686,-99.6829
18320,United States,Riots,31.1686,-99.6829
18321,United States,Riots,31.1686,-99.6829
18322,United States,Riots,31.1686,-99.6829
18323,United States,Riots,31.1686,-99.6829
18324,United States,Riots,31.1686,-99.6829
18325,United States,Riots,31.1686,-99.6829
18494,United States,Violence against civilians,31.1686,-99.6829
18495,United States,Violence against civilians,31.1686,-99.6829
18496,United States,Violence against civilians,31.1686,-99.6829
18497,United States,Violence against civilians,31.1686,-99.6829
18498,United States,Violence against civilians,31.1686,-99.6829
18499,United States,Violence against civilians,31.1686,-99.6829
18500,United States,Violence against civilians,31.1686,-99.6829
18501,United States,Violence against civilians,31.1686,-99.6829
18502,United States,Violence against civilians,31.1686,-99.6829
18503,United States,Violence against civilians,31.1686,-99.6829
18504,United States,Violence against civilians,31.1686,-99.6829
18505,United States,Violence against civilians,31.1686,-99.6829
18506,United States,Violence against civilians,31.1686,-99.6829
18507,United States,Violence against civilians,31.1686,-99.6829
18508,United States,Violence against civilians,31.1686,-99.6829
18509,United States,Violence against civilians,31.1686,-99.6829
18510,United States,Violence against civilians,31.1686,-99.6829
18511,United States,Violence against civilians,31.1686,-99.6829
18512,United States,Violence against civilians,31.1686,-99.6829
18513,United States,Violence against civilians,31.1686,-99.6829
18514,United States,Violence against civilians,31.1686,-99.6829
18515,United States,Violence against civilians,31.1686,-99.6829
18745,United States,Riots,39.4988,-111.5492
18746,United States,Riots,39.4988,-111.5492
18747,United States,Riots,39.4988,-111.5492
18748,United States,Riots,39.4988,-111.5492
18749,United States,Riots,39.4988,-111.5492
18828,United States,Violence against civilians,39.4988,-111.5492
18829,United States,Violence against civilians,39.4988,-111.5492
19048,United States,Riots,43.8667,-72.7797
19049,United States,Riots,43.8667,-72.7797
19050,United States,Riots,43.8667,-72.7797
19064,United States,Violence against civilians,43.8667,-72.7797
19065,United States,Violence against civilians,43.8667,-72.7797
19402,United States,Riots,38.0021,-78.24
19403,United States,Riots,38.0021,-78.24
19404,United States,Riots,38.0021,-78.24
19405,United States,Riots,38.0021,-78.24
19406,United States,Riots,38.0021,-78.24
19407,United States,Riots,38.0021,-78.24
19408,United States,Riots,38.0021,-78.24
19409,United States,Riots,38.0021,-78.24
19410,United States,Riots,38.0021,-78.24
19411,United States,Riots,38.0021,-78.24
19412,United States,Riots,38.0021,-78.24
19413,United States,Riots,38.0021,-78.24
19414,United States,Riots,38.0021,-78.24
19415,United States,Riots,38.0021,-78.24
19416,United States,Riots,38.0021,-78.24
19417,United States,Riots,38.0021,-78.24
19418,United States,Riots,38.0021,-78.24
19419,United States,Riots,38.0021,-78.24
19420,United States,Riots,38.0021,-78.24
19522,United States,Violence against civilians,38.0021,-78.24
19523,United States,Violence against civilians,38.0021,-78.24
19524,United States,Violence against civilians,38.0021,-78.24
19525,United States,Violence against civilians,38.0021,-78.24
19526,United States,Violence against civilians,38.0021,-78.24
19527,United States,Violence against civilians,38.0021,-78.24
19528,United States,Violence against civilians,38.0021,-78.24
19529,United States,Violence against civilians,38.0021,-78.24
19868,United States,Riots,47.2728,-119.7245
19869,United States,Riots,47.2728,-119.7245
19870,United States,Riots,47.2728,-119.7245
19871,United States,Riots,47.2728,-119.7245
19872,United States,Riots,47.2728,-119.7245
19873,United States,Riots,47.2728,-119.7245
19874,United States,Riots,47.2728,-119.7245
19875,United States,Riots,47.2728,-119.7245
19876,United States,Riots,47.2728,-119.7245
19877,United States,Riots,47.2728,-119.7245
19878,United States,Riots,47.2728,-119.7245
19879,United States,Riots,47.2728,-119.7245
19880,United States,Riots,47.2728,-119.7245
19881,United States,Riots,47.2728,-119.7245
19882,United States,Riots,47.2728,-119.7245
19883,United States,Riots,47.2728,-119.7245
19884,United States,Riots,47.2728,-119.7245
19885,United States,Riots,47.2728,-119.7245
19886,United States,Riots,47.2728,-119.7245
19887,United States,Riots,47.2728,-119.7245
19888,United States,Riots,47.2728,-119.7245
19889,United States,Riots,47.2728,-119.7245
19890,United States,Riots,47.2728,-119.7245
19891,United States,Riots,47.2728,-119.7245
19892,United States,Riots,47.2728,-119.7245
19893,United States,Riots,47.2728,-119.7245
19894,United States,Riots,47.2728,-119.7245
19895,United States,Riots,47.2728,-119.7245
19896,United States,Riots,47.2728,-119.7245
19897,United States,Riots,47.2728,-119.7245
19898,United States,Riots,47.2728,-119.7245
19899,United States,Riots,47.2728,-119.7245
19900,United States,Riots,47.2728,-119.7245
19901,United States,Riots,47.2728,-119.7245
19902,United States,Riots,47.2728,-119.7245
19903,United States,Riots,47.2728,-119.7245
19904,United States,Riots,47.2728,-119.7245
19905,United States,Riots,47.2728,-119.7245
19906,United States,Riots,47.2728,-119.7245
19907,United States,Riots,47.2728,-119.7245
19908,United States,Riots,47.2728,-119.7245
19909,United States,Riots,47.2728,-119.7245
19910,United States,Riots,47.2728,-119.7245
19911,United States,Riots,47.2728,-119.7245
19912,United States,Riots,47.2728,-119.7245
19913,United States,Riots,47.2728,-119.7245
19914,United States,Riots,47.2728,-119.7245
19915,United States,Riots,47.2728,-119.7245
19916,United States,Riots,47.2728,-119.7245
19917,United States,Riots,47.2728,-119.7245
19918,United States,Riots,47.2728,-119.7245
19919,United States,Riots,47.2728,-119.7245
19920,United States,Riots,47.2728,-119.7245
19921,United States,Riots,47.2728,-119.7245
20025,United States,Violence against civilians,47.2728,-119.7245
20026,United States,Violence against civilians,47.2728,-119.7245
20027,United States,Violence against civilians,47.2728,-119.7245
20028,United States,Violence against civilians,47.2728,-119.7245
20229,United States,Riots,38.9151,-80.2973
20230,United States,Riots,38.9151,-80.2973
20248,United States,Violence against civilians,38.9151,-80.2973
20249,United States,Violence against civilians,38.9151,-80.2973
20250,United States,Violence against civilians,38.9151,-80.2973
20558,United States,Riots,44.731,-90.3737
20559,United States,Riots,44.731,-90.3737
20560,United States,Riots,44.731,-90.3737
20561,United States,Riots,44.731,-90.3737
20562,United States,Riots,44.731,-90.3737
20563,United States,Riots,44.731,-90.3737
20564,United States,Riots,44.731,-90.3737
20565,United States,Riots,44.731,-90.3737
20566,United States,Riots,44.731,-90.3737
20567,United States,Riots,44.731,-90.3737
20568,United States,Riots,44.731,-90.3737
20569,United States,Riots,44.731,-90.3737
20570,United States,Riots,44.731,-90.3737
20571,United States,Riots,44.731,-90.3737
20627,United States,Violence against civilians,44.731,-90.3737
20628,United States,Violence against civilians,44.731,-90.3737
20629,United States,Violence against civilians,44.731,-90.3737
20630,United States,Violence against civilians,44.731,-90.3737
20631,United States,Violence against civilians,44.731,-90.3737
20632,United States,Violence against civilians,44.731,-90.3737
